<?xml version="1.0" encoding="UTF-8"?>

<contexts>

   <context  id="phone_number_context" >
      <description>Help for phone number</description>
      <topic href="contexts/RelatedContext3.html"  label="Help Related Topic 1"/>
      <topic href="contexts/RelatedContext4.html"  label="Help Related Topic 2"/>
   </context>
   <context  id="address_context" >
      <description>Help for address </description>
      <topic href="contexts/RelatedContext3.html"  label="Help Related Topic 1"/>
      <topic href="contexts/RelatedContext4.html"  label="Help Related Topic 2"/>
   </context>
   <context  id="full_name_context" >
      <description>Help for full name </description>
      <topic href="contexts/RelatedContext3.html"  label="Help Related Topic 1"/>
      <topic href="contexts/RelatedContext4.html"  label="Help Related Topic 2"/>
   </context>
   <context  id="email_context" >
      <description>Help for email address </description>
      <topic href="contexts/RelatedContext3.html"  label="Help Related Topic 1"/>
      <topic href="contexts/RelatedContext4.html"  label="Help Related Topic 2"/>
   </context>
   <context  id="coop_context" >
      <description>Help for coop </description>
      <topic href="contexts/RelatedContext3.html"  label="Help Related Topic 1"/>
      <topic href="contexts/RelatedContext4.html"  label="Help Related Topic 2"/>
   </context>
   <context  id="birthday_context" >
      <description>Help for birthday </description>
      <topic href="contexts/RelatedContext3.html"  label="Help Related Topic 1"/>
      <topic href="contexts/RelatedContext4.html"  label="Help Related Topic 2"/>
   </context>
   <context  id="salary_context" >
      <description>Help for salary </description>
      <topic href="contexts/RelatedContext3.html"  label="Help Related Topic 1"/>
      <topic href="contexts/RelatedContext4.html"  label="Help Related Topic 2"/>
   </context>
   <context  id="hair_color_context" >
      <description>Help for hair color </description>
      <topic href="contexts/RelatedContext3.html"  label="Help Related Topic 1"/>
      <topic href="contexts/RelatedContext4.html"  label="Help Related Topic 2"/>
   </context>
   <context  id="eye_color_context" >
      <description>Help for eye color </description>
      <topic href="contexts/RelatedContext3.html"  label="Help Related Topic 1"/>
      <topic href="contexts/RelatedContext4.html"  label="Help Related Topic 2"/>
   </context>

</contexts>